{"cameraMode":{"drawMode":0,"name":"Shaded","section":"Shading Mode"},"sceneLighting":false,"audioPlay":false,"sceneViewState":{"showFog":true,"showMaterialUpdate":false,"showSkybox":false,"showFlares":true,"showImageEffects":true,"showParticleSystems":true},"in2DMode":false,"pivot":{"x":-2.5450000762939455,"y":-0.7049999833106995,"z":-0.4000000059604645},"rotation":{"x":0.01601823978126049,"y":0.7115838527679443,"z":-0.016236765310168268,"w":0.7022601366043091},"size":3.299098491668701,"orthographic":false}